PRAGMA foreign_keys=OFF;
BEGIN TRANSACTION;

DROP TABLE  tb_addr_wrapper;
DROP TABLE  tb_config_zh_cn;
DROP TABLE  basesysconfig;
DROP TABLE  basemoldconfig;
DROP TABLE  tb_alarm_zh_CN;
DROP TABLE  tb_config_permission;
CREATE TABLE "tb_addr_wrapper" ( 
        name TEXT PRIMARAY KEY, 
        point  INTEGER,  
        unit   TEXT
);
 CREATE TABLE "tb_config_zh_cn" ( 
        addr TEXT PRIMARAY KEY, 
        description   TEXT
);
 CREATE TABLE "basesysconfig" ( 
        addr INTEGER PRIMARAY KEY, 
        value   TEXT
);
 CREATE TABLE "basemoldconfig" ( 
        addr INTEGER PRIMARAY KEY, 
        value   TEXT
);
CREATE TABLE "tb_alarm_zh_CN" ( 
        alarmNum INTEGER PRIMARAY KEY, 
        description   TEXT
);
CREATE TABLE "tb_config_permission" ( 
        addr TEXT NOT NULL, 
        perm_id INTEGER NOT NULL
);
INSERT INTO tb_addr_wrapper VALUES  ('s_rw_0_32_3_101',3,"mm");
INSERT INTO tb_config_zh_cn VALUES  ('s_rw_0_32_3_101','电机1臂长/半径臂长/半径');
INSERT INTO tb_addr_wrapper VALUES  ('s_rw_0_32_0_102',0,"num");
INSERT INTO tb_config_zh_cn VALUES  ('s_rw_0_32_0_102','电机1每转脉冲数每转脉冲数');
INSERT INTO tb_addr_wrapper VALUES  ('s_rw_0_32_3_103',3,"mm");
INSERT INTO tb_config_zh_cn VALUES  ('s_rw_0_32_3_103','电机1正向软极限正向软极限');
INSERT INTO tb_addr_wrapper VALUES  ('s_rw_0_32_3_104',3,"mm");
INSERT INTO tb_config_zh_cn VALUES  ('s_rw_0_32_3_104','电机1负向软极限负向软极限');
INSERT INTO tb_addr_wrapper VALUES  ('s_rw_0_8_0_105',0,"");
INSERT INTO tb_config_zh_cn VALUES  ('s_rw_0_8_0_105','电机1方向极限输入正向极限输入');
INSERT INTO tb_addr_wrapper VALUES  ('s_rw_8_8_0_105',0,"");
INSERT INTO tb_config_zh_cn VALUES  ('s_rw_8_8_0_105','电机1方向极限输入负向极限输入');
INSERT INTO tb_addr_wrapper VALUES  ('s_rw_16_8_0_105',0,"");
INSERT INTO tb_config_zh_cn VALUES  ('s_rw_16_8_0_105','电机1方向极限输入原点输入');
INSERT INTO tb_addr_wrapper VALUES  ('s_rw_24_8_0_105',0,"");
INSERT INTO tb_config_zh_cn VALUES  ('s_rw_24_8_0_105','电机1方向极限输入预留');
INSERT INTO tb_addr_wrapper VALUES  ('s_rw_0_16_0_106',0,"");
INSERT INTO tb_config_zh_cn VALUES  ('s_rw_0_16_0_106','电机1原点输入_最高转速RPMCRC校验');
INSERT INTO tb_addr_wrapper VALUES  ('s_rw_16_16_1_106',1,"rpm");
INSERT INTO tb_config_zh_cn VALUES  ('s_rw_16_16_1_106','电机1原点输入_最高转速RPM最高转速RPM');
INSERT INTO tb_addr_wrapper VALUES  ('s_rw_0_16_3_107',3,"s");
INSERT INTO tb_config_zh_cn VALUES  ('s_rw_0_16_3_107','电机1最小加速时间毫秒_二次加速时间比例最小加速时间毫秒');
INSERT INTO tb_addr_wrapper VALUES  ('s_rw_16_16_3_107',3,"");
INSERT INTO tb_config_zh_cn VALUES  ('s_rw_16_16_3_107','电机1最小加速时间毫秒_二次加速时间比例二次加速时间比例');
INSERT INTO tb_addr_wrapper VALUES  ('s_rw_0_32_3_108',3,"mm");
INSERT INTO tb_config_zh_cn VALUES  ('s_rw_0_32_3_108','电机2臂长/半径臂长/半径');
INSERT INTO tb_addr_wrapper VALUES  ('s_rw_0_32_0_109',0,"num");
INSERT INTO tb_config_zh_cn VALUES  ('s_rw_0_32_0_109','电机2每转脉冲数每转脉冲数');
INSERT INTO tb_addr_wrapper VALUES  ('s_rw_0_32_3_110',3,"mm");
INSERT INTO tb_config_zh_cn VALUES  ('s_rw_0_32_3_110','电机2正向软极限正向软极限');
INSERT INTO tb_addr_wrapper VALUES  ('s_rw_0_32_3_111',3,"mm");
INSERT INTO tb_config_zh_cn VALUES  ('s_rw_0_32_3_111','电机2负向软极限负向软极限');
INSERT INTO tb_addr_wrapper VALUES  ('s_rw_0_8_0_112',0,"");
INSERT INTO tb_config_zh_cn VALUES  ('s_rw_0_8_0_112','电机2方向极限输入正向极限输入');
INSERT INTO tb_addr_wrapper VALUES  ('s_rw_8_8_0_112',0,"");
INSERT INTO tb_config_zh_cn VALUES  ('s_rw_8_8_0_112','电机2方向极限输入负向极限输入');
INSERT INTO tb_addr_wrapper VALUES  ('s_rw_16_8_0_112',0,"");
INSERT INTO tb_config_zh_cn VALUES  ('s_rw_16_8_0_112','电机2方向极限输入原点输入');
INSERT INTO tb_addr_wrapper VALUES  ('s_rw_24_8_0_112',0,"");
INSERT INTO tb_config_zh_cn VALUES  ('s_rw_24_8_0_112','电机2方向极限输入预留');
INSERT INTO tb_addr_wrapper VALUES  ('s_rw_0_16_0_113',0,"");
INSERT INTO tb_config_zh_cn VALUES  ('s_rw_0_16_0_113','电机2原点输入_最高转速RPMCRC校验');
INSERT INTO tb_addr_wrapper VALUES  ('s_rw_16_16_1_113',1,"rpm");
INSERT INTO tb_config_zh_cn VALUES  ('s_rw_16_16_1_113','电机2原点输入_最高转速RPM最高转速RPM');
INSERT INTO tb_addr_wrapper VALUES  ('s_rw_0_16_3_114',3,"s");
INSERT INTO tb_config_zh_cn VALUES  ('s_rw_0_16_3_114','电机2最小加速时间毫秒_二次加速时间比例最小加速时间毫秒');
INSERT INTO tb_addr_wrapper VALUES  ('s_rw_16_16_3_114',3,"");
INSERT INTO tb_config_zh_cn VALUES  ('s_rw_16_16_3_114','电机2最小加速时间毫秒_二次加速时间比例二次加速时间比例');
INSERT INTO tb_addr_wrapper VALUES  ('s_rw_0_32_3_115',3,"mm");
INSERT INTO tb_config_zh_cn VALUES  ('s_rw_0_32_3_115','电机3臂长/半径臂长/半径');
INSERT INTO tb_addr_wrapper VALUES  ('s_rw_0_32_0_116',0,"num");
INSERT INTO tb_config_zh_cn VALUES  ('s_rw_0_32_0_116','电机3每转脉冲数每转脉冲数');
INSERT INTO tb_addr_wrapper VALUES  ('s_rw_0_32_3_117',3,"mm");
INSERT INTO tb_config_zh_cn VALUES  ('s_rw_0_32_3_117','电机3正向软极限正向软极限');
INSERT INTO tb_addr_wrapper VALUES  ('s_rw_0_32_3_118',3,"mm");
INSERT INTO tb_config_zh_cn VALUES  ('s_rw_0_32_3_118','电机3负向软极限负向软极限');
INSERT INTO tb_addr_wrapper VALUES  ('s_rw_0_8_0_119',0,"");
INSERT INTO tb_config_zh_cn VALUES  ('s_rw_0_8_0_119','电机3方向极限输入正向极限输入');
INSERT INTO tb_addr_wrapper VALUES  ('s_rw_8_8_0_119',0,"");
INSERT INTO tb_config_zh_cn VALUES  ('s_rw_8_8_0_119','电机3方向极限输入负向极限输入');
INSERT INTO tb_addr_wrapper VALUES  ('s_rw_16_8_0_119',0,"");
INSERT INTO tb_config_zh_cn VALUES  ('s_rw_16_8_0_119','电机3方向极限输入原点输入');
INSERT INTO tb_addr_wrapper VALUES  ('s_rw_24_8_0_119',0,"");
INSERT INTO tb_config_zh_cn VALUES  ('s_rw_24_8_0_119','电机3方向极限输入预留');
INSERT INTO tb_addr_wrapper VALUES  ('s_rw_0_16_0_120',0,"");
INSERT INTO tb_config_zh_cn VALUES  ('s_rw_0_16_0_120','电机3原点输入_最高转速RPMCRC校验');
INSERT INTO tb_addr_wrapper VALUES  ('s_rw_16_16_1_120',1,"rpm");
INSERT INTO tb_config_zh_cn VALUES  ('s_rw_16_16_1_120','电机3原点输入_最高转速RPM最高转速RPM');
INSERT INTO tb_addr_wrapper VALUES  ('s_rw_0_16_3_121',3,"s");
INSERT INTO tb_config_zh_cn VALUES  ('s_rw_0_16_3_121','电机3最小加速时间毫秒_二次加速时间比例最小加速时间毫秒');
INSERT INTO tb_addr_wrapper VALUES  ('s_rw_16_16_3_121',3,"");
INSERT INTO tb_config_zh_cn VALUES  ('s_rw_16_16_3_121','电机3最小加速时间毫秒_二次加速时间比例二次加速时间比例');
INSERT INTO tb_addr_wrapper VALUES  ('s_rw_0_32_3_122',3,"mm");
INSERT INTO tb_config_zh_cn VALUES  ('s_rw_0_32_3_122','电机4臂长/半径臂长/半径');
INSERT INTO tb_addr_wrapper VALUES  ('s_rw_0_32_0_123',0,"num");
INSERT INTO tb_config_zh_cn VALUES  ('s_rw_0_32_0_123','电机4每转脉冲数每转脉冲数');
INSERT INTO tb_addr_wrapper VALUES  ('s_rw_0_32_3_124',3,"mm");
INSERT INTO tb_config_zh_cn VALUES  ('s_rw_0_32_3_124','电机4正向软极限正向软极限');
INSERT INTO tb_addr_wrapper VALUES  ('s_rw_0_32_3_125',3,"mm");
INSERT INTO tb_config_zh_cn VALUES  ('s_rw_0_32_3_125','电机4负向软极限负向软极限');
INSERT INTO tb_addr_wrapper VALUES  ('s_rw_0_8_0_126',0,"");
INSERT INTO tb_config_zh_cn VALUES  ('s_rw_0_8_0_126','电机4方向极限输入正向极限输入');
INSERT INTO tb_addr_wrapper VALUES  ('s_rw_8_8_0_126',0,"");
INSERT INTO tb_config_zh_cn VALUES  ('s_rw_8_8_0_126','电机4方向极限输入负向极限输入');
INSERT INTO tb_addr_wrapper VALUES  ('s_rw_16_8_0_126',0,"");
INSERT INTO tb_config_zh_cn VALUES  ('s_rw_16_8_0_126','电机4方向极限输入原点输入');
INSERT INTO tb_addr_wrapper VALUES  ('s_rw_24_8_0_126',0,"");
INSERT INTO tb_config_zh_cn VALUES  ('s_rw_24_8_0_126','电机4方向极限输入预留');
INSERT INTO tb_addr_wrapper VALUES  ('s_rw_0_16_0_127',0,"");
INSERT INTO tb_config_zh_cn VALUES  ('s_rw_0_16_0_127','电机4原点输入_最高转速RPMCRC校验');
INSERT INTO tb_addr_wrapper VALUES  ('s_rw_16_16_1_127',1,"rpm");
INSERT INTO tb_config_zh_cn VALUES  ('s_rw_16_16_1_127','电机4原点输入_最高转速RPM最高转速RPM');
INSERT INTO tb_addr_wrapper VALUES  ('s_rw_0_16_3_128',3,"s");
INSERT INTO tb_config_zh_cn VALUES  ('s_rw_0_16_3_128','电机4最小加速时间毫秒_二次加速时间比例最小加速时间毫秒');
INSERT INTO tb_addr_wrapper VALUES  ('s_rw_16_16_3_128',3,"");
INSERT INTO tb_config_zh_cn VALUES  ('s_rw_16_16_3_128','电机4最小加速时间毫秒_二次加速时间比例二次加速时间比例');
INSERT INTO tb_addr_wrapper VALUES  ('s_rw_0_32_3_129',3,"mm");
INSERT INTO tb_config_zh_cn VALUES  ('s_rw_0_32_3_129','电机5臂长/半径臂长/半径');
INSERT INTO tb_addr_wrapper VALUES  ('s_rw_0_32_0_130',0,"num");
INSERT INTO tb_config_zh_cn VALUES  ('s_rw_0_32_0_130','电机5每转脉冲数每转脉冲数');
INSERT INTO tb_addr_wrapper VALUES  ('s_rw_0_32_3_131',3,"mm");
INSERT INTO tb_config_zh_cn VALUES  ('s_rw_0_32_3_131','电机5正向软极限正向软极限');
INSERT INTO tb_addr_wrapper VALUES  ('s_rw_0_32_3_132',3,"mm");
INSERT INTO tb_config_zh_cn VALUES  ('s_rw_0_32_3_132','电机5负向软极限负向软极限');
INSERT INTO tb_addr_wrapper VALUES  ('s_rw_0_8_0_133',0,"");
INSERT INTO tb_config_zh_cn VALUES  ('s_rw_0_8_0_133','电机5方向极限输入正向极限输入');
INSERT INTO tb_addr_wrapper VALUES  ('s_rw_8_8_0_133',0,"");
INSERT INTO tb_config_zh_cn VALUES  ('s_rw_8_8_0_133','电机5方向极限输入负向极限输入');
INSERT INTO tb_addr_wrapper VALUES  ('s_rw_16_8_0_133',0,"");
INSERT INTO tb_config_zh_cn VALUES  ('s_rw_16_8_0_133','电机5方向极限输入原点输入');
INSERT INTO tb_addr_wrapper VALUES  ('s_rw_24_8_0_133',0,"");
INSERT INTO tb_config_zh_cn VALUES  ('s_rw_24_8_0_133','电机5方向极限输入预留');
INSERT INTO tb_addr_wrapper VALUES  ('s_rw_0_16_0_134',0,"");
INSERT INTO tb_config_zh_cn VALUES  ('s_rw_0_16_0_134','电机5原点输入_最高转速RPMCRC校验');
INSERT INTO tb_addr_wrapper VALUES  ('s_rw_16_16_1_134',1,"rpm");
INSERT INTO tb_config_zh_cn VALUES  ('s_rw_16_16_1_134','电机5原点输入_最高转速RPM最高转速RPM');
INSERT INTO tb_addr_wrapper VALUES  ('s_rw_0_16_3_135',3,"s");
INSERT INTO tb_config_zh_cn VALUES  ('s_rw_0_16_3_135','电机5最小加速时间毫秒_二次加速时间比例最小加速时间毫秒');
INSERT INTO tb_addr_wrapper VALUES  ('s_rw_16_16_3_135',3,"");
INSERT INTO tb_config_zh_cn VALUES  ('s_rw_16_16_3_135','电机5最小加速时间毫秒_二次加速时间比例二次加速时间比例');
INSERT INTO tb_addr_wrapper VALUES  ('s_rw_0_32_3_136',3,"mm");
INSERT INTO tb_config_zh_cn VALUES  ('s_rw_0_32_3_136','电机6臂长/半径臂长/半径');
INSERT INTO tb_addr_wrapper VALUES  ('s_rw_0_32_0_137',0,"num");
INSERT INTO tb_config_zh_cn VALUES  ('s_rw_0_32_0_137','电机6每转脉冲数每转脉冲数');
INSERT INTO tb_addr_wrapper VALUES  ('s_rw_0_32_3_138',3,"mm");
INSERT INTO tb_config_zh_cn VALUES  ('s_rw_0_32_3_138','电机6正向软极限正向软极限');
INSERT INTO tb_addr_wrapper VALUES  ('s_rw_0_32_3_139',3,"mm");
INSERT INTO tb_config_zh_cn VALUES  ('s_rw_0_32_3_139','电机6负向软极限负向软极限');
INSERT INTO tb_addr_wrapper VALUES  ('s_rw_0_8_0_140',0,"");
INSERT INTO tb_config_zh_cn VALUES  ('s_rw_0_8_0_140','电机6方向极限输入正向极限输入');
INSERT INTO tb_addr_wrapper VALUES  ('s_rw_8_8_0_140',0,"");
INSERT INTO tb_config_zh_cn VALUES  ('s_rw_8_8_0_140','电机6方向极限输入负向极限输入');
INSERT INTO tb_addr_wrapper VALUES  ('s_rw_16_8_0_140',0,"");
INSERT INTO tb_config_zh_cn VALUES  ('s_rw_16_8_0_140','电机6方向极限输入原点输入');
INSERT INTO tb_addr_wrapper VALUES  ('s_rw_24_8_0_140',0,"");
INSERT INTO tb_config_zh_cn VALUES  ('s_rw_24_8_0_140','电机6方向极限输入预留');
INSERT INTO tb_addr_wrapper VALUES  ('s_rw_0_16_0_141',0,"");
INSERT INTO tb_config_zh_cn VALUES  ('s_rw_0_16_0_141','电机6原点输入_最高转速RPMCRC校验');
INSERT INTO tb_addr_wrapper VALUES  ('s_rw_16_16_1_141',1,"rpm");
INSERT INTO tb_config_zh_cn VALUES  ('s_rw_16_16_1_141','电机6原点输入_最高转速RPM最高转速RPM');
INSERT INTO tb_addr_wrapper VALUES  ('s_rw_0_16_3_142',3,"s");
INSERT INTO tb_config_zh_cn VALUES  ('s_rw_0_16_3_142','电机6最小加速时间毫秒_二次加速时间比例最小加速时间毫秒');
INSERT INTO tb_addr_wrapper VALUES  ('s_rw_16_16_3_142',3,"");
INSERT INTO tb_config_zh_cn VALUES  ('s_rw_16_16_3_142','电机6最小加速时间毫秒_二次加速时间比例二次加速时间比例');
INSERT INTO tb_addr_wrapper VALUES  ('s_rw_0_32_3_143',3,"mm");
INSERT INTO tb_config_zh_cn VALUES  ('s_rw_0_32_3_143','电机7臂长/半径臂长/半径');
INSERT INTO tb_addr_wrapper VALUES  ('s_rw_0_32_0_144',0,"num");
INSERT INTO tb_config_zh_cn VALUES  ('s_rw_0_32_0_144','电机7每转脉冲数每转脉冲数');
INSERT INTO tb_addr_wrapper VALUES  ('s_rw_0_32_3_145',3,"mm");
INSERT INTO tb_config_zh_cn VALUES  ('s_rw_0_32_3_145','电机7正向软极限正向软极限');
INSERT INTO tb_addr_wrapper VALUES  ('s_rw_0_32_3_146',3,"mm");
INSERT INTO tb_config_zh_cn VALUES  ('s_rw_0_32_3_146','电机7负向软极限负向软极限');
INSERT INTO tb_addr_wrapper VALUES  ('s_rw_0_8_0_147',0,"");
INSERT INTO tb_config_zh_cn VALUES  ('s_rw_0_8_0_147','电机7方向极限输入正向极限输入');
INSERT INTO tb_addr_wrapper VALUES  ('s_rw_8_8_0_147',0,"");
INSERT INTO tb_config_zh_cn VALUES  ('s_rw_8_8_0_147','电机7方向极限输入负向极限输入');
INSERT INTO tb_addr_wrapper VALUES  ('s_rw_16_8_0_147',0,"");
INSERT INTO tb_config_zh_cn VALUES  ('s_rw_16_8_0_147','电机7方向极限输入原点输入');
INSERT INTO tb_addr_wrapper VALUES  ('s_rw_24_8_0_147',0,"");
INSERT INTO tb_config_zh_cn VALUES  ('s_rw_24_8_0_147','电机7方向极限输入预留');
INSERT INTO tb_addr_wrapper VALUES  ('s_rw_0_16_0_148',0,"");
INSERT INTO tb_config_zh_cn VALUES  ('s_rw_0_16_0_148','电机7原点输入_最高转速RPMCRC校验');
INSERT INTO tb_addr_wrapper VALUES  ('s_rw_16_16_1_148',1,"rpm");
INSERT INTO tb_config_zh_cn VALUES  ('s_rw_16_16_1_148','电机7原点输入_最高转速RPM最高转速RPM');
INSERT INTO tb_addr_wrapper VALUES  ('s_rw_0_16_3_149',3,"s");
INSERT INTO tb_config_zh_cn VALUES  ('s_rw_0_16_3_149','电机7最小加速时间毫秒_二次加速时间比例最小加速时间毫秒');
INSERT INTO tb_addr_wrapper VALUES  ('s_rw_16_16_3_149',3,"");
INSERT INTO tb_config_zh_cn VALUES  ('s_rw_16_16_3_149','电机7最小加速时间毫秒_二次加速时间比例二次加速时间比例');
INSERT INTO tb_addr_wrapper VALUES  ('s_rw_0_32_3_150',3,"mm");
INSERT INTO tb_config_zh_cn VALUES  ('s_rw_0_32_3_150','电机8臂长/半径臂长/半径');
INSERT INTO tb_addr_wrapper VALUES  ('s_rw_0_32_0_151',0,"num");
INSERT INTO tb_config_zh_cn VALUES  ('s_rw_0_32_0_151','电机8每转脉冲数每转脉冲数');
INSERT INTO tb_addr_wrapper VALUES  ('s_rw_0_32_3_152',3,"mm");
INSERT INTO tb_config_zh_cn VALUES  ('s_rw_0_32_3_152','电机8正向软极限正向软极限');
INSERT INTO tb_addr_wrapper VALUES  ('s_rw_0_32_3_153',3,"mm");
INSERT INTO tb_config_zh_cn VALUES  ('s_rw_0_32_3_153','电机8负向软极限负向软极限');
INSERT INTO tb_addr_wrapper VALUES  ('s_rw_0_8_0_154',0,"");
INSERT INTO tb_config_zh_cn VALUES  ('s_rw_0_8_0_154','电机8方向极限输入正向极限输入');
INSERT INTO tb_addr_wrapper VALUES  ('s_rw_8_8_0_154',0,"");
INSERT INTO tb_config_zh_cn VALUES  ('s_rw_8_8_0_154','电机8方向极限输入负向极限输入');
INSERT INTO tb_addr_wrapper VALUES  ('s_rw_16_8_0_154',0,"");
INSERT INTO tb_config_zh_cn VALUES  ('s_rw_16_8_0_154','电机8方向极限输入原点输入');
INSERT INTO tb_addr_wrapper VALUES  ('s_rw_24_8_0_154',0,"");
INSERT INTO tb_config_zh_cn VALUES  ('s_rw_24_8_0_154','电机8方向极限输入预留');
INSERT INTO tb_addr_wrapper VALUES  ('s_rw_0_16_0_155',0,"");
INSERT INTO tb_config_zh_cn VALUES  ('s_rw_0_16_0_155','电机8原点输入_最高转速RPMCRC校验');
INSERT INTO tb_addr_wrapper VALUES  ('s_rw_16_16_1_155',1,"rpm");
INSERT INTO tb_config_zh_cn VALUES  ('s_rw_16_16_1_155','电机8原点输入_最高转速RPM最高转速RPM');
INSERT INTO tb_addr_wrapper VALUES  ('s_rw_0_16_3_156',3,"s");
INSERT INTO tb_config_zh_cn VALUES  ('s_rw_0_16_3_156','电机8最小加速时间毫秒_二次加速时间比例最小加速时间毫秒');
INSERT INTO tb_addr_wrapper VALUES  ('s_rw_16_16_3_156',3,"");
INSERT INTO tb_config_zh_cn VALUES  ('s_rw_16_16_3_156','电机8最小加速时间毫秒_二次加速时间比例二次加速时间比例');
INSERT INTO tb_addr_wrapper VALUES  ('s_rw_0_32_3_157',3,"mm/s");
INSERT INTO tb_config_zh_cn VALUES  ('s_rw_0_32_3_157','插补1最大线速度最大线速度');
INSERT INTO tb_addr_wrapper VALUES  ('s_rw_0_16_3_158',3,"ms");
INSERT INTO tb_config_zh_cn VALUES  ('s_rw_0_16_3_158','插补1最小加速时间_二次加速时间比例最小加速时间');
INSERT INTO tb_addr_wrapper VALUES  ('s_rw_16_16_3_158',3,"");
INSERT INTO tb_config_zh_cn VALUES  ('s_rw_16_16_3_158','插补1最小加速时间_二次加速时间比例二次加速时间比例');
INSERT INTO tb_addr_wrapper VALUES  ('s_rw_0_32_3_159',3,"mm/s");
INSERT INTO tb_config_zh_cn VALUES  ('s_rw_0_32_3_159','插补2最大线速度最大线速度');
INSERT INTO tb_addr_wrapper VALUES  ('s_rw_0_16_3_160',3,"ms");
INSERT INTO tb_config_zh_cn VALUES  ('s_rw_0_16_3_160','插补2最小加速时间_二次加速时间比例最小加速时间');
INSERT INTO tb_addr_wrapper VALUES  ('s_rw_16_16_3_160',3,"");
INSERT INTO tb_config_zh_cn VALUES  ('s_rw_16_16_3_160','插补2最小加速时间_二次加速时间比例二次加速时间比例');
INSERT INTO tb_addr_wrapper VALUES  ('s_rw_0_32_3_161',3,"mm/s");
INSERT INTO tb_config_zh_cn VALUES  ('s_rw_0_32_3_161','插补3最大线速度最大线速度');
INSERT INTO tb_addr_wrapper VALUES  ('s_rw_0_16_3_162',3,"ms");
INSERT INTO tb_config_zh_cn VALUES  ('s_rw_0_16_3_162','插补3最小加速时间_二次加速时间比例最小加速时间');
INSERT INTO tb_addr_wrapper VALUES  ('s_rw_16_16_3_162',3,"");
INSERT INTO tb_config_zh_cn VALUES  ('s_rw_16_16_3_162','插补3最小加速时间_二次加速时间比例二次加速时间比例');
INSERT INTO tb_addr_wrapper VALUES  ('s_rw_0_32_3_163',3,"mm/s");
INSERT INTO tb_config_zh_cn VALUES  ('s_rw_0_32_3_163','插补4最大线速度最大线速度');
INSERT INTO tb_addr_wrapper VALUES  ('s_rw_0_16_3_164',3,"ms");
INSERT INTO tb_config_zh_cn VALUES  ('s_rw_0_16_3_164','插补4最小加速时间_二次加速时间比例最小加速时间');
INSERT INTO tb_addr_wrapper VALUES  ('s_rw_16_16_3_164',3,"");
INSERT INTO tb_config_zh_cn VALUES  ('s_rw_16_16_3_164','插补4最小加速时间_二次加速时间比例二次加速时间比例');
INSERT INTO tb_addr_wrapper VALUES  ('s_rw_0_16_0_165',0,"");
INSERT INTO tb_config_zh_cn VALUES  ('s_rw_0_16_0_165','逻辑输入端口输入点');
INSERT INTO tb_addr_wrapper VALUES  ('s_rw_16_16_0_165',0,"");
INSERT INTO tb_config_zh_cn VALUES  ('s_rw_16_16_0_165','逻辑输入端口输入点');
INSERT INTO tb_addr_wrapper VALUES  ('s_rw_0_16_0_166',0,"");
INSERT INTO tb_config_zh_cn VALUES  ('s_rw_0_16_0_166','逻辑输入端口输入点');
INSERT INTO tb_addr_wrapper VALUES  ('s_rw_16_16_0_166',0,"");
INSERT INTO tb_config_zh_cn VALUES  ('s_rw_16_16_0_166','逻辑输入端口输入点');
INSERT INTO tb_addr_wrapper VALUES  ('s_rw_0_16_0_167',0,"");
INSERT INTO tb_config_zh_cn VALUES  ('s_rw_0_16_0_167','逻辑输入端口输入点');
INSERT INTO tb_addr_wrapper VALUES  ('s_rw_16_16_0_167',0,"");
INSERT INTO tb_config_zh_cn VALUES  ('s_rw_16_16_0_167','逻辑输入端口输入点');
INSERT INTO tb_addr_wrapper VALUES  ('s_rw_0_16_0_168',0,"");
INSERT INTO tb_config_zh_cn VALUES  ('s_rw_0_16_0_168','逻辑输入端口输入点');
INSERT INTO tb_addr_wrapper VALUES  ('s_rw_16_16_0_168',0,"");
INSERT INTO tb_config_zh_cn VALUES  ('s_rw_16_16_0_168','逻辑输入端口输入点');
INSERT INTO tb_addr_wrapper VALUES  ('s_rw_0_16_0_169',0,"");
INSERT INTO tb_config_zh_cn VALUES  ('s_rw_0_16_0_169','逻辑输入端口输入点');
INSERT INTO tb_addr_wrapper VALUES  ('s_rw_16_16_0_169',0,"");
INSERT INTO tb_config_zh_cn VALUES  ('s_rw_16_16_0_169','逻辑输入端口输入点');
INSERT INTO tb_addr_wrapper VALUES  ('s_rw_0_16_0_170',0,"");
INSERT INTO tb_config_zh_cn VALUES  ('s_rw_0_16_0_170','逻辑输入端口输入点');
INSERT INTO tb_addr_wrapper VALUES  ('s_rw_16_16_0_170',0,"");
INSERT INTO tb_config_zh_cn VALUES  ('s_rw_16_16_0_170','逻辑输入端口输入点');
INSERT INTO tb_addr_wrapper VALUES  ('s_rw_0_16_0_171',0,"");
INSERT INTO tb_config_zh_cn VALUES  ('s_rw_0_16_0_171','逻辑输入端口输入点');
INSERT INTO tb_addr_wrapper VALUES  ('s_rw_16_16_0_171',0,"");
INSERT INTO tb_config_zh_cn VALUES  ('s_rw_16_16_0_171','逻辑输入端口输入点');
INSERT INTO tb_addr_wrapper VALUES  ('s_rw_0_16_0_172',0,"");
INSERT INTO tb_config_zh_cn VALUES  ('s_rw_0_16_0_172','逻辑输入端口输入点');
INSERT INTO tb_addr_wrapper VALUES  ('s_rw_16_16_0_172',0,"");
INSERT INTO tb_config_zh_cn VALUES  ('s_rw_16_16_0_172','逻辑输入端口输入点');
INSERT INTO tb_addr_wrapper VALUES  ('s_rw_0_16_0_173',0,"");
INSERT INTO tb_config_zh_cn VALUES  ('s_rw_0_16_0_173','逻辑输入端口输入点');
INSERT INTO tb_addr_wrapper VALUES  ('s_rw_16_16_0_173',0,"");
INSERT INTO tb_config_zh_cn VALUES  ('s_rw_16_16_0_173','逻辑输入端口输入点');
INSERT INTO tb_addr_wrapper VALUES  ('s_rw_0_16_0_174',0,"");
INSERT INTO tb_config_zh_cn VALUES  ('s_rw_0_16_0_174','逻辑输入端口输入点');
INSERT INTO tb_addr_wrapper VALUES  ('s_rw_16_16_0_174',0,"");
INSERT INTO tb_config_zh_cn VALUES  ('s_rw_16_16_0_174','逻辑输入端口输入点');
INSERT INTO tb_addr_wrapper VALUES  ('s_rw_0_16_0_175',0,"");
INSERT INTO tb_config_zh_cn VALUES  ('s_rw_0_16_0_175','逻辑输入端口输入点');
INSERT INTO tb_addr_wrapper VALUES  ('s_rw_16_16_0_175',0,"");
INSERT INTO tb_config_zh_cn VALUES  ('s_rw_16_16_0_175','逻辑输入端口输入点');
INSERT INTO tb_addr_wrapper VALUES  ('s_rw_0_16_0_176',0,"");
INSERT INTO tb_config_zh_cn VALUES  ('s_rw_0_16_0_176','逻辑输出端口输出点');
INSERT INTO tb_addr_wrapper VALUES  ('s_rw_16_16_0_176',0,"");
INSERT INTO tb_config_zh_cn VALUES  ('s_rw_16_16_0_176','逻辑输出端口输出点');
INSERT INTO tb_addr_wrapper VALUES  ('s_rw_0_16_0_177',0,"");
INSERT INTO tb_config_zh_cn VALUES  ('s_rw_0_16_0_177','逻辑输出端口输出点');
INSERT INTO tb_addr_wrapper VALUES  ('s_rw_16_16_0_177',0,"");
INSERT INTO tb_config_zh_cn VALUES  ('s_rw_16_16_0_177','逻辑输出端口输出点');
INSERT INTO tb_addr_wrapper VALUES  ('s_rw_0_16_0_178',0,"");
INSERT INTO tb_config_zh_cn VALUES  ('s_rw_0_16_0_178','逻辑输出端口输出点');
INSERT INTO tb_addr_wrapper VALUES  ('s_rw_16_16_0_178',0,"");
INSERT INTO tb_config_zh_cn VALUES  ('s_rw_16_16_0_178','逻辑输出端口输出点');
INSERT INTO tb_addr_wrapper VALUES  ('s_rw_0_16_0_179',0,"");
INSERT INTO tb_config_zh_cn VALUES  ('s_rw_0_16_0_179','逻辑输出端口输出点');
INSERT INTO tb_addr_wrapper VALUES  ('s_rw_16_16_0_179',0,"");
INSERT INTO tb_config_zh_cn VALUES  ('s_rw_16_16_0_179','逻辑输出端口输出点');
INSERT INTO tb_addr_wrapper VALUES  ('s_rw_0_16_0_180',0,"");
INSERT INTO tb_config_zh_cn VALUES  ('s_rw_0_16_0_180','逻辑输出端口输出点');
INSERT INTO tb_addr_wrapper VALUES  ('s_rw_16_16_0_180',0,"");
INSERT INTO tb_config_zh_cn VALUES  ('s_rw_16_16_0_180','逻辑输出端口输出点');
INSERT INTO tb_addr_wrapper VALUES  ('s_rw_0_32_0_181',0,"ms");
INSERT INTO tb_config_zh_cn VALUES  ('s_rw_0_32_0_181','当前延时时间当前延时时间');
INSERT INTO tb_addr_wrapper VALUES  ('s_rw_0_32_0_182',0,"ms");
INSERT INTO tb_config_zh_cn VALUES  ('s_rw_0_32_0_182','当前延时时间当前延时时间');
INSERT INTO tb_addr_wrapper VALUES  ('s_rw_0_32_0_183',0,"ms");
INSERT INTO tb_config_zh_cn VALUES  ('s_rw_0_32_0_183','当前延时时间当前延时时间');
INSERT INTO tb_addr_wrapper VALUES  ('s_rw_0_32_0_184',0,"ms");
INSERT INTO tb_config_zh_cn VALUES  ('s_rw_0_32_0_184','当前延时时间当前延时时间');
INSERT INTO tb_addr_wrapper VALUES  ('s_rw_0_32_0_185',0,"ms");
INSERT INTO tb_config_zh_cn VALUES  ('s_rw_0_32_0_185','目标延时时间目标延时时间');
INSERT INTO tb_addr_wrapper VALUES  ('s_rw_0_32_0_186',0,"ms");
INSERT INTO tb_config_zh_cn VALUES  ('s_rw_0_32_0_186','目标延时时间目标延时时间');
INSERT INTO tb_addr_wrapper VALUES  ('s_rw_0_32_0_187',0,"ms");
INSERT INTO tb_config_zh_cn VALUES  ('s_rw_0_32_0_187','目标延时时间目标延时时间');
INSERT INTO tb_addr_wrapper VALUES  ('s_rw_0_32_0_188',0,"ms");
INSERT INTO tb_config_zh_cn VALUES  ('s_rw_0_32_0_188','目标延时时间目标延时时间');
INSERT INTO tb_addr_wrapper VALUES  ('s_rw_0_32_0_189',0,"ms");
INSERT INTO tb_config_zh_cn VALUES  ('s_rw_0_32_0_189','当前定时时间当前定时时间');
INSERT INTO tb_addr_wrapper VALUES  ('s_rw_0_32_0_190',0,"ms");
INSERT INTO tb_config_zh_cn VALUES  ('s_rw_0_32_0_190','当前定时时间当前定时时间');
INSERT INTO tb_addr_wrapper VALUES  ('s_rw_0_32_0_191',0,"ms");
INSERT INTO tb_config_zh_cn VALUES  ('s_rw_0_32_0_191','当前定时时间当前定时时间');
INSERT INTO tb_addr_wrapper VALUES  ('s_rw_0_32_0_192',0,"ms");
INSERT INTO tb_config_zh_cn VALUES  ('s_rw_0_32_0_192','当前定时时间当前定时时间');
INSERT INTO tb_addr_wrapper VALUES  ('s_rw_0_32_0_193',0,"ms");
INSERT INTO tb_config_zh_cn VALUES  ('s_rw_0_32_0_193','当前定时时间当前定时时间');
INSERT INTO tb_addr_wrapper VALUES  ('s_rw_0_32_0_194',0,"ms");
INSERT INTO tb_config_zh_cn VALUES  ('s_rw_0_32_0_194','当前定时时间当前定时时间');
INSERT INTO tb_addr_wrapper VALUES  ('s_rw_0_32_0_195',0,"ms");
INSERT INTO tb_config_zh_cn VALUES  ('s_rw_0_32_0_195','当前定时时间当前定时时间');
INSERT INTO tb_addr_wrapper VALUES  ('s_rw_0_32_0_196',0,"ms");
INSERT INTO tb_config_zh_cn VALUES  ('s_rw_0_32_0_196','当前定时时间当前定时时间');
INSERT INTO tb_addr_wrapper VALUES  ('s_rw_0_32_0_197',0,"ms");
INSERT INTO tb_config_zh_cn VALUES  ('s_rw_0_32_0_197','当前定时时间当前定时时间');
INSERT INTO tb_addr_wrapper VALUES  ('s_rw_0_32_0_198',0,"ms");
INSERT INTO tb_config_zh_cn VALUES  ('s_rw_0_32_0_198','当前定时时间当前定时时间');
INSERT INTO tb_addr_wrapper VALUES  ('s_rw_0_32_0_199',0,"ms");
INSERT INTO tb_config_zh_cn VALUES  ('s_rw_0_32_0_199','当前定时时间当前定时时间');
INSERT INTO tb_addr_wrapper VALUES  ('s_rw_0_32_0_200',0,"ms");
INSERT INTO tb_config_zh_cn VALUES  ('s_rw_0_32_0_200','当前定时时间当前定时时间');
INSERT INTO tb_addr_wrapper VALUES  ('s_rw_0_32_0_201',0,"ms");
INSERT INTO tb_config_zh_cn VALUES  ('s_rw_0_32_0_201','当前定时时间当前定时时间');
INSERT INTO tb_addr_wrapper VALUES  ('s_rw_0_32_0_202',0,"ms");
INSERT INTO tb_config_zh_cn VALUES  ('s_rw_0_32_0_202','当前定时时间当前定时时间');
INSERT INTO tb_addr_wrapper VALUES  ('s_rw_0_32_0_203',0,"ms");
INSERT INTO tb_config_zh_cn VALUES  ('s_rw_0_32_0_203','当前定时时间当前定时时间');
INSERT INTO tb_addr_wrapper VALUES  ('s_rw_0_32_0_204',0,"ms");
INSERT INTO tb_config_zh_cn VALUES  ('s_rw_0_32_0_204','当前定时时间当前定时时间');
INSERT INTO tb_addr_wrapper VALUES  ('s_rw_0_32_0_205',0,"ms");
INSERT INTO tb_config_zh_cn VALUES  ('s_rw_0_32_0_205','当前定时时间当前定时时间');
INSERT INTO tb_addr_wrapper VALUES  ('s_rw_0_32_0_206',0,"ms");
INSERT INTO tb_config_zh_cn VALUES  ('s_rw_0_32_0_206','当前定时时间当前定时时间');
INSERT INTO tb_addr_wrapper VALUES  ('s_rw_0_32_0_207',0,"ms");
INSERT INTO tb_config_zh_cn VALUES  ('s_rw_0_32_0_207','当前定时时间当前定时时间');
INSERT INTO tb_addr_wrapper VALUES  ('s_rw_0_32_0_208',0,"ms");
INSERT INTO tb_config_zh_cn VALUES  ('s_rw_0_32_0_208','当前定时时间当前定时时间');
INSERT INTO tb_addr_wrapper VALUES  ('s_rw_0_32_0_209',0,"ms");
INSERT INTO tb_config_zh_cn VALUES  ('s_rw_0_32_0_209','目标定时时间目标定时时间');
INSERT INTO tb_addr_wrapper VALUES  ('s_rw_0_32_0_210',0,"ms");
INSERT INTO tb_config_zh_cn VALUES  ('s_rw_0_32_0_210','目标定时时间目标定时时间');
INSERT INTO tb_addr_wrapper VALUES  ('s_rw_0_32_0_211',0,"ms");
INSERT INTO tb_config_zh_cn VALUES  ('s_rw_0_32_0_211','目标定时时间目标定时时间');
INSERT INTO tb_addr_wrapper VALUES  ('s_rw_0_32_0_212',0,"ms");
INSERT INTO tb_config_zh_cn VALUES  ('s_rw_0_32_0_212','目标定时时间目标定时时间');
INSERT INTO tb_addr_wrapper VALUES  ('s_rw_0_32_0_213',0,"ms");
INSERT INTO tb_config_zh_cn VALUES  ('s_rw_0_32_0_213','目标定时时间目标定时时间');
INSERT INTO tb_addr_wrapper VALUES  ('s_rw_0_32_0_214',0,"ms");
INSERT INTO tb_config_zh_cn VALUES  ('s_rw_0_32_0_214','目标定时时间目标定时时间');
INSERT INTO tb_addr_wrapper VALUES  ('s_rw_0_32_0_215',0,"ms");
INSERT INTO tb_config_zh_cn VALUES  ('s_rw_0_32_0_215','目标定时时间目标定时时间');
INSERT INTO tb_addr_wrapper VALUES  ('s_rw_0_32_0_216',0,"ms");
INSERT INTO tb_config_zh_cn VALUES  ('s_rw_0_32_0_216','目标定时时间目标定时时间');
INSERT INTO tb_addr_wrapper VALUES  ('s_rw_0_32_0_217',0,"ms");
INSERT INTO tb_config_zh_cn VALUES  ('s_rw_0_32_0_217','目标定时时间目标定时时间');
INSERT INTO tb_addr_wrapper VALUES  ('s_rw_0_32_0_218',0,"ms");
INSERT INTO tb_config_zh_cn VALUES  ('s_rw_0_32_0_218','目标定时时间目标定时时间');
INSERT INTO tb_addr_wrapper VALUES  ('s_rw_0_32_0_219',0,"ms");
INSERT INTO tb_config_zh_cn VALUES  ('s_rw_0_32_0_219','目标定时时间目标定时时间');
INSERT INTO tb_addr_wrapper VALUES  ('s_rw_0_32_0_220',0,"ms");
INSERT INTO tb_config_zh_cn VALUES  ('s_rw_0_32_0_220','目标定时时间目标定时时间');
INSERT INTO tb_addr_wrapper VALUES  ('s_rw_0_32_0_221',0,"ms");
INSERT INTO tb_config_zh_cn VALUES  ('s_rw_0_32_0_221','目标定时时间目标定时时间');
INSERT INTO tb_addr_wrapper VALUES  ('s_rw_0_32_0_222',0,"ms");
INSERT INTO tb_config_zh_cn VALUES  ('s_rw_0_32_0_222','目标定时时间目标定时时间');
INSERT INTO tb_addr_wrapper VALUES  ('s_rw_0_32_0_223',0,"ms");
INSERT INTO tb_config_zh_cn VALUES  ('s_rw_0_32_0_223','目标定时时间目标定时时间');
INSERT INTO tb_addr_wrapper VALUES  ('s_rw_0_32_0_224',0,"ms");
INSERT INTO tb_config_zh_cn VALUES  ('s_rw_0_32_0_224','目标定时时间目标定时时间');
INSERT INTO tb_addr_wrapper VALUES  ('s_rw_0_32_0_225',0,"ms");
INSERT INTO tb_config_zh_cn VALUES  ('s_rw_0_32_0_225','目标定时时间目标定时时间');
INSERT INTO tb_addr_wrapper VALUES  ('s_rw_0_32_0_226',0,"ms");
INSERT INTO tb_config_zh_cn VALUES  ('s_rw_0_32_0_226','目标定时时间目标定时时间');
INSERT INTO tb_addr_wrapper VALUES  ('s_rw_0_32_0_227',0,"ms");
INSERT INTO tb_config_zh_cn VALUES  ('s_rw_0_32_0_227','目标定时时间目标定时时间');
INSERT INTO tb_addr_wrapper VALUES  ('s_rw_0_32_0_228',0,"ms");
INSERT INTO tb_config_zh_cn VALUES  ('s_rw_0_32_0_228','目标定时时间目标定时时间');
INSERT INTO tb_addr_wrapper VALUES  ('s_rw_0_32_0_229',0,"ms");
INSERT INTO tb_config_zh_cn VALUES  ('s_rw_0_32_0_229','当前计数值当前计数值');
INSERT INTO tb_addr_wrapper VALUES  ('s_rw_0_32_0_230',0,"ms");
INSERT INTO tb_config_zh_cn VALUES  ('s_rw_0_32_0_230','当前计数值当前计数值');
INSERT INTO tb_addr_wrapper VALUES  ('s_rw_0_32_0_231',0,"ms");
INSERT INTO tb_config_zh_cn VALUES  ('s_rw_0_32_0_231','当前计数值当前计数值');
INSERT INTO tb_addr_wrapper VALUES  ('s_rw_0_32_0_232',0,"ms");
INSERT INTO tb_config_zh_cn VALUES  ('s_rw_0_32_0_232','当前计数值当前计数值');
INSERT INTO tb_addr_wrapper VALUES  ('s_rw_0_32_0_233',0,"ms");
INSERT INTO tb_config_zh_cn VALUES  ('s_rw_0_32_0_233','当前计数值当前计数值');
INSERT INTO tb_addr_wrapper VALUES  ('s_rw_0_32_0_234',0,"ms");
INSERT INTO tb_config_zh_cn VALUES  ('s_rw_0_32_0_234','当前计数值当前计数值');
INSERT INTO tb_addr_wrapper VALUES  ('s_rw_0_32_0_235',0,"ms");
INSERT INTO tb_config_zh_cn VALUES  ('s_rw_0_32_0_235','当前计数值当前计数值');
INSERT INTO tb_addr_wrapper VALUES  ('s_rw_0_32_0_236',0,"ms");
INSERT INTO tb_config_zh_cn VALUES  ('s_rw_0_32_0_236','当前计数值当前计数值');
INSERT INTO tb_addr_wrapper VALUES  ('s_rw_0_32_0_237',0,"ms");
INSERT INTO tb_config_zh_cn VALUES  ('s_rw_0_32_0_237','当前计数值当前计数值');
INSERT INTO tb_addr_wrapper VALUES  ('s_rw_0_32_0_238',0,"ms");
INSERT INTO tb_config_zh_cn VALUES  ('s_rw_0_32_0_238','当前计数值当前计数值');
INSERT INTO tb_addr_wrapper VALUES  ('s_rw_0_32_0_239',0,"ms");
INSERT INTO tb_config_zh_cn VALUES  ('s_rw_0_32_0_239','当前计数值当前计数值');
INSERT INTO tb_addr_wrapper VALUES  ('s_rw_0_32_0_240',0,"ms");
INSERT INTO tb_config_zh_cn VALUES  ('s_rw_0_32_0_240','当前计数值当前计数值');
INSERT INTO tb_addr_wrapper VALUES  ('s_rw_0_32_0_241',0,"ms");
INSERT INTO tb_config_zh_cn VALUES  ('s_rw_0_32_0_241','当前计数值当前计数值');
INSERT INTO tb_addr_wrapper VALUES  ('s_rw_0_32_0_242',0,"ms");
INSERT INTO tb_config_zh_cn VALUES  ('s_rw_0_32_0_242','当前计数值当前计数值');
INSERT INTO tb_addr_wrapper VALUES  ('s_rw_0_32_0_243',0,"ms");
INSERT INTO tb_config_zh_cn VALUES  ('s_rw_0_32_0_243','当前计数值当前计数值');
INSERT INTO tb_addr_wrapper VALUES  ('s_rw_0_32_0_244',0,"ms");
INSERT INTO tb_config_zh_cn VALUES  ('s_rw_0_32_0_244','当前计数值当前计数值');
INSERT INTO tb_addr_wrapper VALUES  ('s_rw_0_32_0_245',0,"ms");
INSERT INTO tb_config_zh_cn VALUES  ('s_rw_0_32_0_245','目标计数值目标计数值');
INSERT INTO tb_addr_wrapper VALUES  ('s_rw_0_32_0_246',0,"ms");
INSERT INTO tb_config_zh_cn VALUES  ('s_rw_0_32_0_246','目标计数值目标计数值');
INSERT INTO tb_addr_wrapper VALUES  ('s_rw_0_32_0_247',0,"ms");
INSERT INTO tb_config_zh_cn VALUES  ('s_rw_0_32_0_247','目标计数值目标计数值');
INSERT INTO tb_addr_wrapper VALUES  ('s_rw_0_32_0_248',0,"ms");
INSERT INTO tb_config_zh_cn VALUES  ('s_rw_0_32_0_248','目标计数值目标计数值');
INSERT INTO tb_addr_wrapper VALUES  ('s_rw_0_32_0_249',0,"ms");
INSERT INTO tb_config_zh_cn VALUES  ('s_rw_0_32_0_249','目标计数值目标计数值');
INSERT INTO tb_addr_wrapper VALUES  ('s_rw_0_32_0_250',0,"ms");
INSERT INTO tb_config_zh_cn VALUES  ('s_rw_0_32_0_250','目标计数值目标计数值');
INSERT INTO tb_addr_wrapper VALUES  ('s_rw_0_32_0_251',0,"ms");
INSERT INTO tb_config_zh_cn VALUES  ('s_rw_0_32_0_251','目标计数值目标计数值');
INSERT INTO tb_addr_wrapper VALUES  ('s_rw_0_32_0_252',0,"ms");
INSERT INTO tb_config_zh_cn VALUES  ('s_rw_0_32_0_252','目标计数值目标计数值');
INSERT INTO tb_addr_wrapper VALUES  ('s_rw_0_32_0_253',0,"ms");
INSERT INTO tb_config_zh_cn VALUES  ('s_rw_0_32_0_253','目标计数值目标计数值');
INSERT INTO tb_addr_wrapper VALUES  ('s_rw_0_32_0_254',0,"ms");
INSERT INTO tb_config_zh_cn VALUES  ('s_rw_0_32_0_254','目标计数值目标计数值');
INSERT INTO tb_addr_wrapper VALUES  ('s_rw_0_32_0_255',0,"ms");
INSERT INTO tb_config_zh_cn VALUES  ('s_rw_0_32_0_255','目标计数值目标计数值');
INSERT INTO tb_addr_wrapper VALUES  ('s_rw_0_32_0_256',0,"ms");
INSERT INTO tb_config_zh_cn VALUES  ('s_rw_0_32_0_256','目标计数值目标计数值');
INSERT INTO tb_addr_wrapper VALUES  ('s_rw_0_32_0_257',0,"ms");
INSERT INTO tb_config_zh_cn VALUES  ('s_rw_0_32_0_257','目标计数值目标计数值');
INSERT INTO tb_addr_wrapper VALUES  ('s_rw_0_32_0_258',0,"ms");
INSERT INTO tb_config_zh_cn VALUES  ('s_rw_0_32_0_258','目标计数值目标计数值');
INSERT INTO tb_addr_wrapper VALUES  ('s_rw_0_32_0_259',0,"ms");
INSERT INTO tb_config_zh_cn VALUES  ('s_rw_0_32_0_259','目标计数值目标计数值');
INSERT INTO tb_addr_wrapper VALUES  ('s_rw_0_32_0_260',0,"ms");
INSERT INTO tb_config_zh_cn VALUES  ('s_rw_0_32_0_260','目标计数值目标计数值');
INSERT INTO tb_addr_wrapper VALUES  ('s_rw_0_16_0_261',0,"");
INSERT INTO tb_config_zh_cn VALUES  ('s_rw_0_16_0_261','逻辑电机对应的脉冲端口逻辑电机对应的脉冲端口');
INSERT INTO tb_addr_wrapper VALUES  ('s_rw_16_16_0_261',0,"");
INSERT INTO tb_config_zh_cn VALUES  ('s_rw_16_16_0_261','逻辑电机对应的脉冲端口逻辑电机对应的脉冲端口');
INSERT INTO tb_addr_wrapper VALUES  ('s_rw_0_16_0_262',0,"");
INSERT INTO tb_config_zh_cn VALUES  ('s_rw_0_16_0_262','逻辑电机对应的脉冲端口逻辑电机对应的脉冲端口');
INSERT INTO tb_addr_wrapper VALUES  ('s_rw_16_16_0_262',0,"");
INSERT INTO tb_config_zh_cn VALUES  ('s_rw_16_16_0_262','逻辑电机对应的脉冲端口逻辑电机对应的脉冲端口');
INSERT INTO tb_addr_wrapper VALUES  ('s_rw_0_16_0_263',0,"");
INSERT INTO tb_config_zh_cn VALUES  ('s_rw_0_16_0_263','逻辑电机对应的脉冲端口逻辑电机对应的脉冲端口');
INSERT INTO tb_addr_wrapper VALUES  ('s_rw_16_16_0_263',0,"");
INSERT INTO tb_config_zh_cn VALUES  ('s_rw_16_16_0_263','逻辑电机对应的脉冲端口逻辑电机对应的脉冲端口');
INSERT INTO tb_addr_wrapper VALUES  ('s_rw_0_16_0_264',0,"");
INSERT INTO tb_config_zh_cn VALUES  ('s_rw_0_16_0_264','逻辑电机对应的脉冲端口逻辑电机对应的脉冲端口');
INSERT INTO tb_addr_wrapper VALUES  ('s_rw_16_16_0_264',0,"");
INSERT INTO tb_config_zh_cn VALUES  ('s_rw_16_16_0_264','逻辑电机对应的脉冲端口逻辑电机对应的脉冲端口');
INSERT INTO tb_addr_wrapper VALUES  ('s_rw_0_16_3_265',3,"mm/s");
INSERT INTO tb_config_zh_cn VALUES  ('s_rw_0_16_3_265','设定速度设定速度设定速度');
INSERT INTO tb_addr_wrapper VALUES  ('s_rw_16_16_3_265',3,"mm/s");
INSERT INTO tb_config_zh_cn VALUES  ('s_rw_16_16_3_265','设定速度设定速度设定速度');
INSERT INTO tb_addr_wrapper VALUES  ('s_rw_0_16_3_266',3,"mm/s");
INSERT INTO tb_config_zh_cn VALUES  ('s_rw_0_16_3_266','设定速度设定速度设定速度');
INSERT INTO tb_addr_wrapper VALUES  ('s_rw_16_16_3_266',3,"mm/s");
INSERT INTO tb_config_zh_cn VALUES  ('s_rw_16_16_3_266','设定速度设定速度设定速度');
INSERT INTO tb_addr_wrapper VALUES  ('s_rw_0_16_3_267',3,"mm/s");
INSERT INTO tb_config_zh_cn VALUES  ('s_rw_0_16_3_267','设定速度设定速度设定速度');
INSERT INTO tb_addr_wrapper VALUES  ('s_rw_16_16_3_267',3,"mm/s");
INSERT INTO tb_config_zh_cn VALUES  ('s_rw_16_16_3_267','设定速度设定速度设定速度');
INSERT INTO tb_addr_wrapper VALUES  ('s_rw_0_16_3_268',3,"mm/s");
INSERT INTO tb_config_zh_cn VALUES  ('s_rw_0_16_3_268','设定速度设定速度设定速度');
INSERT INTO tb_addr_wrapper VALUES  ('s_rw_16_16_3_268',3,"mm/s");
INSERT INTO tb_config_zh_cn VALUES  ('s_rw_16_16_3_268','设定速度设定速度设定速度');
INSERT INTO tb_addr_wrapper VALUES  ('s_rw_0_16_3_269',3,"度");
INSERT INTO tb_config_zh_cn VALUES  ('s_rw_0_16_3_269','V轴初始夹角设定初始夹角');
INSERT INTO tb_addr_wrapper VALUES  ('s_rw_16_16_3_269',3,"度");
INSERT INTO tb_config_zh_cn VALUES  ('s_rw_16_16_3_269','V轴初始夹角设定初始夹角');
INSERT INTO tb_addr_wrapper VALUES  ('s_rw_0_16_3_270',3,"度");
INSERT INTO tb_config_zh_cn VALUES  ('s_rw_0_16_3_270','V轴初始夹角设定初始夹角');
INSERT INTO tb_addr_wrapper VALUES  ('s_rw_16_16_3_270',3,"度");
INSERT INTO tb_config_zh_cn VALUES  ('s_rw_16_16_3_270','V轴初始夹角设定初始夹角');
INSERT INTO tb_addr_wrapper VALUES  ('s_rw_0_16_3_271',3,"度");
INSERT INTO tb_config_zh_cn VALUES  ('s_rw_0_16_3_271','V轴初始夹角设定初始夹角');
INSERT INTO tb_addr_wrapper VALUES  ('s_rw_16_16_3_271',3,"度");
INSERT INTO tb_config_zh_cn VALUES  ('s_rw_16_16_3_271','V轴初始夹角设定初始夹角');
INSERT INTO tb_addr_wrapper VALUES  ('s_rw_0_16_3_272',3,"度");
INSERT INTO tb_config_zh_cn VALUES  ('s_rw_0_16_3_272','V轴初始夹角设定初始夹角');
INSERT INTO tb_addr_wrapper VALUES  ('s_rw_16_16_3_272',3,"度");
INSERT INTO tb_config_zh_cn VALUES  ('s_rw_16_16_3_272','V轴初始夹角设定初始夹角');
INSERT INTO tb_addr_wrapper VALUES  ('m_rw_0_32_0_357',0,"");
INSERT INTO tb_config_zh_cn VALUES  ('m_rw_0_32_0_357','速度参数');
INSERT INTO tb_addr_wrapper VALUES  ('m_rw_0_32_0_358',0,"");
INSERT INTO tb_config_zh_cn VALUES  ('m_rw_0_32_0_358','速度参数');
INSERT INTO tb_addr_wrapper VALUES  ('m_rw_0_32_0_359',0,"");
INSERT INTO tb_config_zh_cn VALUES  ('m_rw_0_32_0_359','速度参数');
INSERT INTO tb_addr_wrapper VALUES  ('m_rw_0_32_0_360',0,"");
INSERT INTO tb_config_zh_cn VALUES  ('m_rw_0_32_0_360','速度参数');
INSERT INTO tb_addr_wrapper VALUES  ('m_rw_0_32_0_361',0,"");
INSERT INTO tb_config_zh_cn VALUES  ('m_rw_0_32_0_361','速度参数');
INSERT INTO tb_addr_wrapper VALUES  ('m_rw_0_32_0_362',0,"");
INSERT INTO tb_config_zh_cn VALUES  ('m_rw_0_32_0_362','速度参数');
INSERT INTO tb_addr_wrapper VALUES  ('m_rw_0_32_0_363',0,"");
INSERT INTO tb_config_zh_cn VALUES  ('m_rw_0_32_0_363','速度参数');
INSERT INTO tb_addr_wrapper VALUES  ('m_rw_0_32_0_364',0,"");
INSERT INTO tb_config_zh_cn VALUES  ('m_rw_0_32_0_364','速度参数');
INSERT INTO tb_addr_wrapper VALUES  ('m_rw_0_32_0_365',0,"");
INSERT INTO tb_config_zh_cn VALUES  ('m_rw_0_32_0_365','速度参数');
INSERT INTO tb_addr_wrapper VALUES  ('m_rw_0_32_0_366',0,"");
INSERT INTO tb_config_zh_cn VALUES  ('m_rw_0_32_0_366','速度参数');
INSERT INTO tb_addr_wrapper VALUES  ('m_rw_0_32_0_367',0,"");
INSERT INTO tb_config_zh_cn VALUES  ('m_rw_0_32_0_367','速度参数');
INSERT INTO tb_addr_wrapper VALUES  ('m_rw_0_32_0_368',0,"");
INSERT INTO tb_config_zh_cn VALUES  ('m_rw_0_32_0_368','速度参数');
INSERT INTO tb_addr_wrapper VALUES  ('m_rw_0_32_0_369',0,"");
INSERT INTO tb_config_zh_cn VALUES  ('m_rw_0_32_0_369','速度参数');
INSERT INTO tb_addr_wrapper VALUES  ('m_rw_0_32_0_370',0,"");
INSERT INTO tb_config_zh_cn VALUES  ('m_rw_0_32_0_370','速度参数');
INSERT INTO tb_addr_wrapper VALUES  ('m_rw_0_32_0_371',0,"");
INSERT INTO tb_config_zh_cn VALUES  ('m_rw_0_32_0_371','速度参数');
INSERT INTO tb_addr_wrapper VALUES  ('m_rw_0_32_0_372',0,"");
INSERT INTO tb_config_zh_cn VALUES  ('m_rw_0_32_0_372','速度参数');
INSERT INTO tb_addr_wrapper VALUES  ('m_rw_0_32_0_373',0,"");
INSERT INTO tb_config_zh_cn VALUES  ('m_rw_0_32_0_373','速度参数');
INSERT INTO tb_addr_wrapper VALUES  ('m_rw_0_32_0_374',0,"");
INSERT INTO tb_config_zh_cn VALUES  ('m_rw_0_32_0_374','速度参数');
INSERT INTO tb_addr_wrapper VALUES  ('m_rw_0_32_0_375',0,"");
INSERT INTO tb_config_zh_cn VALUES  ('m_rw_0_32_0_375','速度参数');
INSERT INTO tb_addr_wrapper VALUES  ('m_rw_0_32_0_376',0,"");
INSERT INTO tb_config_zh_cn VALUES  ('m_rw_0_32_0_376','速度参数');
INSERT INTO tb_addr_wrapper VALUES  ('m_rw_0_32_0_377',0,"");
INSERT INTO tb_config_zh_cn VALUES  ('m_rw_0_32_0_377','速度参数');
INSERT INTO tb_addr_wrapper VALUES  ('m_rw_0_32_0_378',0,"");
INSERT INTO tb_config_zh_cn VALUES  ('m_rw_0_32_0_378','速度参数');
INSERT INTO tb_addr_wrapper VALUES  ('m_rw_0_32_0_379',0,"");
INSERT INTO tb_config_zh_cn VALUES  ('m_rw_0_32_0_379','速度参数');
INSERT INTO tb_addr_wrapper VALUES  ('m_rw_0_32_0_380',0,"");
INSERT INTO tb_config_zh_cn VALUES  ('m_rw_0_32_0_380','速度参数');
INSERT INTO tb_addr_wrapper VALUES  ('m_rw_0_32_0_381',0,"");
INSERT INTO tb_config_zh_cn VALUES  ('m_rw_0_32_0_381','速度参数');
INSERT INTO tb_addr_wrapper VALUES  ('m_rw_0_32_0_382',0,"");
INSERT INTO tb_config_zh_cn VALUES  ('m_rw_0_32_0_382','速度参数');
INSERT INTO tb_addr_wrapper VALUES  ('m_rw_0_32_0_383',0,"");
INSERT INTO tb_config_zh_cn VALUES  ('m_rw_0_32_0_383','速度参数');
INSERT INTO tb_addr_wrapper VALUES  ('m_rw_0_32_0_384',0,"");
INSERT INTO tb_config_zh_cn VALUES  ('m_rw_0_32_0_384','速度参数');
INSERT INTO tb_addr_wrapper VALUES  ('m_rw_0_32_0_385',0,"");
INSERT INTO tb_config_zh_cn VALUES  ('m_rw_0_32_0_385','速度参数');
INSERT INTO tb_addr_wrapper VALUES  ('m_rw_0_32_0_386',0,"");
INSERT INTO tb_config_zh_cn VALUES  ('m_rw_0_32_0_386','速度参数');
INSERT INTO tb_addr_wrapper VALUES  ('m_rw_0_32_0_387',0,"");
INSERT INTO tb_config_zh_cn VALUES  ('m_rw_0_32_0_387','速度参数');
INSERT INTO tb_addr_wrapper VALUES  ('m_rw_0_32_0_388',0,"");
INSERT INTO tb_config_zh_cn VALUES  ('m_rw_0_32_0_388','速度参数');
INSERT INTO tb_addr_wrapper VALUES  ('m_rw_0_32_0_389',0,"");
INSERT INTO tb_config_zh_cn VALUES  ('m_rw_0_32_0_389','速度参数');
INSERT INTO tb_addr_wrapper VALUES  ('m_rw_0_32_0_390',0,"");
INSERT INTO tb_config_zh_cn VALUES  ('m_rw_0_32_0_390','速度参数');
INSERT INTO tb_addr_wrapper VALUES  ('m_rw_0_32_0_391',0,"");
INSERT INTO tb_config_zh_cn VALUES  ('m_rw_0_32_0_391','速度参数');
INSERT INTO tb_addr_wrapper VALUES  ('m_rw_0_32_0_392',0,"");
INSERT INTO tb_config_zh_cn VALUES  ('m_rw_0_32_0_392','速度参数');
INSERT INTO tb_addr_wrapper VALUES  ('m_rw_0_32_0_393',0,"");
INSERT INTO tb_config_zh_cn VALUES  ('m_rw_0_32_0_393','速度参数');
INSERT INTO tb_addr_wrapper VALUES  ('m_rw_0_32_0_394',0,"");
INSERT INTO tb_config_zh_cn VALUES  ('m_rw_0_32_0_394','速度参数');
INSERT INTO tb_addr_wrapper VALUES  ('m_rw_0_32_0_395',0,"");
INSERT INTO tb_config_zh_cn VALUES  ('m_rw_0_32_0_395','速度参数');
INSERT INTO tb_addr_wrapper VALUES  ('m_rw_0_32_0_396',0,"");
INSERT INTO tb_config_zh_cn VALUES  ('m_rw_0_32_0_396','速度参数');
INSERT INTO tb_addr_wrapper VALUES  ('m_rw_0_32_0_397',0,"");
INSERT INTO tb_config_zh_cn VALUES  ('m_rw_0_32_0_397','速度参数');
INSERT INTO tb_addr_wrapper VALUES  ('m_rw_0_32_0_398',0,"");
INSERT INTO tb_config_zh_cn VALUES  ('m_rw_0_32_0_398','速度参数');
INSERT INTO tb_addr_wrapper VALUES  ('m_rw_0_32_0_399',0,"");
INSERT INTO tb_config_zh_cn VALUES  ('m_rw_0_32_0_399','速度参数');
INSERT INTO tb_addr_wrapper VALUES  ('m_rw_0_32_0_400',0,"");
INSERT INTO tb_config_zh_cn VALUES  ('m_rw_0_32_0_400','速度参数');
INSERT INTO tb_addr_wrapper VALUES  ('m_rw_0_32_0_401',0,"");
INSERT INTO tb_config_zh_cn VALUES  ('m_rw_0_32_0_401','速度参数');
INSERT INTO tb_addr_wrapper VALUES  ('m_rw_0_32_0_402',0,"");
INSERT INTO tb_config_zh_cn VALUES  ('m_rw_0_32_0_402','速度参数');
INSERT INTO tb_addr_wrapper VALUES  ('m_rw_0_32_0_403',0,"");
INSERT INTO tb_config_zh_cn VALUES  ('m_rw_0_32_0_403','速度参数');
INSERT INTO tb_addr_wrapper VALUES  ('m_rw_0_32_0_404',0,"");
INSERT INTO tb_config_zh_cn VALUES  ('m_rw_0_32_0_404','速度参数');
INSERT INTO tb_addr_wrapper VALUES  ('m_rw_0_32_0_405',0,"");
INSERT INTO tb_config_zh_cn VALUES  ('m_rw_0_32_0_405','速度参数');
INSERT INTO tb_addr_wrapper VALUES  ('m_rw_0_32_0_406',0,"");
INSERT INTO tb_config_zh_cn VALUES  ('m_rw_0_32_0_406','速度参数');
INSERT INTO tb_addr_wrapper VALUES  ('m_rw_0_32_0_407',0,"");
INSERT INTO tb_config_zh_cn VALUES  ('m_rw_0_32_0_407','速度参数');
INSERT INTO tb_addr_wrapper VALUES  ('m_rw_0_32_0_408',0,"");
INSERT INTO tb_config_zh_cn VALUES  ('m_rw_0_32_0_408','速度参数');
INSERT INTO tb_addr_wrapper VALUES  ('m_rw_0_32_0_409',0,"");
INSERT INTO tb_config_zh_cn VALUES  ('m_rw_0_32_0_409','速度参数');
INSERT INTO tb_addr_wrapper VALUES  ('m_rw_0_32_0_410',0,"");
INSERT INTO tb_config_zh_cn VALUES  ('m_rw_0_32_0_410','速度参数');
INSERT INTO tb_addr_wrapper VALUES  ('m_rw_0_32_0_411',0,"");
INSERT INTO tb_config_zh_cn VALUES  ('m_rw_0_32_0_411','速度参数');
INSERT INTO tb_addr_wrapper VALUES  ('m_rw_0_32_0_412',0,"");
INSERT INTO tb_config_zh_cn VALUES  ('m_rw_0_32_0_412','速度参数');
INSERT INTO tb_addr_wrapper VALUES  ('m_rw_0_32_0_413',0,"");
INSERT INTO tb_config_zh_cn VALUES  ('m_rw_0_32_0_413','速度参数');
INSERT INTO tb_addr_wrapper VALUES  ('m_rw_0_32_0_414',0,"");
INSERT INTO tb_config_zh_cn VALUES  ('m_rw_0_32_0_414','速度参数');
INSERT INTO tb_addr_wrapper VALUES  ('m_rw_0_32_0_415',0,"");
INSERT INTO tb_config_zh_cn VALUES  ('m_rw_0_32_0_415','速度参数');
INSERT INTO tb_addr_wrapper VALUES  ('m_rw_0_32_0_416',0,"");
INSERT INTO tb_config_zh_cn VALUES  ('m_rw_0_32_0_416','速度参数');
INSERT INTO tb_addr_wrapper VALUES  ('m_rw_0_32_0_417',0,"");
INSERT INTO tb_config_zh_cn VALUES  ('m_rw_0_32_0_417','速度参数');
INSERT INTO tb_addr_wrapper VALUES  ('m_rw_0_32_0_418',0,"");
INSERT INTO tb_config_zh_cn VALUES  ('m_rw_0_32_0_418','速度参数');
INSERT INTO tb_addr_wrapper VALUES  ('m_rw_0_32_0_419',0,"");
INSERT INTO tb_config_zh_cn VALUES  ('m_rw_0_32_0_419','速度参数');
INSERT INTO tb_addr_wrapper VALUES  ('m_rw_0_32_0_420',0,"");
INSERT INTO tb_config_zh_cn VALUES  ('m_rw_0_32_0_420','速度参数');
INSERT INTO tb_addr_wrapper VALUES  ('m_rw_0_32_0_421',0,"");
INSERT INTO tb_config_zh_cn VALUES  ('m_rw_0_32_0_421','速度参数');
INSERT INTO tb_addr_wrapper VALUES  ('m_rw_0_32_0_422',0,"");
INSERT INTO tb_config_zh_cn VALUES  ('m_rw_0_32_0_422','速度参数');
INSERT INTO tb_addr_wrapper VALUES  ('m_rw_0_32_0_423',0,"");
INSERT INTO tb_config_zh_cn VALUES  ('m_rw_0_32_0_423','速度参数');
INSERT INTO tb_addr_wrapper VALUES  ('m_rw_0_32_0_424',0,"");
INSERT INTO tb_config_zh_cn VALUES  ('m_rw_0_32_0_424','速度参数');
INSERT INTO tb_addr_wrapper VALUES  ('m_rw_0_32_0_425',0,"");
INSERT INTO tb_config_zh_cn VALUES  ('m_rw_0_32_0_425','速度参数');
INSERT INTO tb_addr_wrapper VALUES  ('m_rw_0_32_0_426',0,"");
INSERT INTO tb_config_zh_cn VALUES  ('m_rw_0_32_0_426','速度参数');
INSERT INTO tb_addr_wrapper VALUES  ('c_ro_0_32_0_900',0,"");
INSERT INTO tb_config_zh_cn VALUES  ('c_ro_0_32_0_900','轴1当前输出脉冲位置当前输出脉冲位置');
INSERT INTO tb_addr_wrapper VALUES  ('c_ro_0_32_0_901',0,"");
INSERT INTO tb_config_zh_cn VALUES  ('c_ro_0_32_0_901','轴1实际脉冲位置实际脉冲位置');
INSERT INTO tb_addr_wrapper VALUES  ('c_ro_0_16_0_902',0,"");
INSERT INTO tb_config_zh_cn VALUES  ('c_ro_0_16_0_902','轴1速度百分比_当前速度速度百分比');
INSERT INTO tb_addr_wrapper VALUES  ('c_ro_16_16_0_902',0,"");
INSERT INTO tb_config_zh_cn VALUES  ('c_ro_16_16_0_902','轴1速度百分比_当前速度当前速度');
INSERT INTO tb_addr_wrapper VALUES  ('c_ro_0_16_0_903',0,"");
INSERT INTO tb_config_zh_cn VALUES  ('c_ro_0_16_0_903','轴1当前加速度_当前二次加速度当前加速度');
INSERT INTO tb_addr_wrapper VALUES  ('c_ro_16_16_0_903',0,"");
INSERT INTO tb_config_zh_cn VALUES  ('c_ro_16_16_0_903','轴1当前加速度_当前二次加速度当前二次加速度');
INSERT INTO tb_addr_wrapper VALUES  ('c_ro_0_32_0_904',0,"");
INSERT INTO tb_config_zh_cn VALUES  ('c_ro_0_32_0_904','轴2当前输出脉冲位置当前输出脉冲位置');
INSERT INTO tb_addr_wrapper VALUES  ('c_ro_0_32_0_905',0,"");
INSERT INTO tb_config_zh_cn VALUES  ('c_ro_0_32_0_905','轴2实际脉冲位置实际脉冲位置');
INSERT INTO tb_addr_wrapper VALUES  ('c_ro_0_16_0_906',0,"");
INSERT INTO tb_config_zh_cn VALUES  ('c_ro_0_16_0_906','轴2速度百分比_当前速度速度百分比');
INSERT INTO tb_addr_wrapper VALUES  ('c_ro_16_16_0_906',0,"");
INSERT INTO tb_config_zh_cn VALUES  ('c_ro_16_16_0_906','轴2速度百分比_当前速度当前速度');
INSERT INTO tb_addr_wrapper VALUES  ('c_ro_0_16_0_907',0,"");
INSERT INTO tb_config_zh_cn VALUES  ('c_ro_0_16_0_907','轴2当前加速度_当前二次加速度当前加速度');
INSERT INTO tb_addr_wrapper VALUES  ('c_ro_16_16_0_907',0,"");
INSERT INTO tb_config_zh_cn VALUES  ('c_ro_16_16_0_907','轴2当前加速度_当前二次加速度当前二次加速度');
INSERT INTO tb_addr_wrapper VALUES  ('c_ro_0_32_0_908',0,"");
INSERT INTO tb_config_zh_cn VALUES  ('c_ro_0_32_0_908','轴3当前输出脉冲位置当前输出脉冲位置');
INSERT INTO tb_addr_wrapper VALUES  ('c_ro_0_32_0_909',0,"");
INSERT INTO tb_config_zh_cn VALUES  ('c_ro_0_32_0_909','轴3实际脉冲位置实际脉冲位置');
INSERT INTO tb_addr_wrapper VALUES  ('c_ro_0_16_0_910',0,"");
INSERT INTO tb_config_zh_cn VALUES  ('c_ro_0_16_0_910','轴3速度百分比_当前速度速度百分比');
INSERT INTO tb_addr_wrapper VALUES  ('c_ro_16_16_0_910',0,"");
INSERT INTO tb_config_zh_cn VALUES  ('c_ro_16_16_0_910','轴3速度百分比_当前速度当前速度');
INSERT INTO tb_addr_wrapper VALUES  ('c_ro_0_16_0_911',0,"");
INSERT INTO tb_config_zh_cn VALUES  ('c_ro_0_16_0_911','轴3当前加速度_当前二次加速度当前加速度');
INSERT INTO tb_addr_wrapper VALUES  ('c_ro_16_16_0_911',0,"");
INSERT INTO tb_config_zh_cn VALUES  ('c_ro_16_16_0_911','轴3当前加速度_当前二次加速度当前二次加速度');
INSERT INTO tb_addr_wrapper VALUES  ('c_ro_0_32_0_912',0,"");
INSERT INTO tb_config_zh_cn VALUES  ('c_ro_0_32_0_912','轴4当前输出脉冲位置当前输出脉冲位置');
INSERT INTO tb_addr_wrapper VALUES  ('c_ro_0_32_0_913',0,"");
INSERT INTO tb_config_zh_cn VALUES  ('c_ro_0_32_0_913','轴4实际脉冲位置实际脉冲位置');
INSERT INTO tb_addr_wrapper VALUES  ('c_ro_0_16_0_914',0,"");
INSERT INTO tb_config_zh_cn VALUES  ('c_ro_0_16_0_914','轴4速度百分比_当前速度速度百分比');
INSERT INTO tb_addr_wrapper VALUES  ('c_ro_16_16_0_914',0,"");
INSERT INTO tb_config_zh_cn VALUES  ('c_ro_16_16_0_914','轴4速度百分比_当前速度当前速度');
INSERT INTO tb_addr_wrapper VALUES  ('c_ro_0_16_0_915',0,"");
INSERT INTO tb_config_zh_cn VALUES  ('c_ro_0_16_0_915','轴4当前加速度_当前二次加速度当前加速度');
INSERT INTO tb_addr_wrapper VALUES  ('c_ro_16_16_0_915',0,"");
INSERT INTO tb_config_zh_cn VALUES  ('c_ro_16_16_0_915','轴4当前加速度_当前二次加速度当前二次加速度');
INSERT INTO tb_addr_wrapper VALUES  ('c_ro_0_32_0_916',0,"");
INSERT INTO tb_config_zh_cn VALUES  ('c_ro_0_32_0_916','轴5当前输出脉冲位置当前输出脉冲位置');
INSERT INTO tb_addr_wrapper VALUES  ('c_ro_0_32_0_917',0,"");
INSERT INTO tb_config_zh_cn VALUES  ('c_ro_0_32_0_917','轴5实际脉冲位置实际脉冲位置');
INSERT INTO tb_addr_wrapper VALUES  ('c_ro_0_16_0_918',0,"");
INSERT INTO tb_config_zh_cn VALUES  ('c_ro_0_16_0_918','轴5速度百分比_当前速度速度百分比');
INSERT INTO tb_addr_wrapper VALUES  ('c_ro_16_16_0_918',0,"");
INSERT INTO tb_config_zh_cn VALUES  ('c_ro_16_16_0_918','轴5速度百分比_当前速度当前速度');
INSERT INTO tb_addr_wrapper VALUES  ('c_ro_0_16_0_919',0,"");
INSERT INTO tb_config_zh_cn VALUES  ('c_ro_0_16_0_919','轴5当前加速度_当前二次加速度当前加速度');
INSERT INTO tb_addr_wrapper VALUES  ('c_ro_16_16_0_919',0,"");
INSERT INTO tb_config_zh_cn VALUES  ('c_ro_16_16_0_919','轴5当前加速度_当前二次加速度当前二次加速度');
INSERT INTO tb_addr_wrapper VALUES  ('c_ro_0_32_0_920',0,"");
INSERT INTO tb_config_zh_cn VALUES  ('c_ro_0_32_0_920','轴6当前输出脉冲位置当前输出脉冲位置');
INSERT INTO tb_addr_wrapper VALUES  ('c_ro_0_32_0_921',0,"");
INSERT INTO tb_config_zh_cn VALUES  ('c_ro_0_32_0_921','轴6实际脉冲位置实际脉冲位置');
INSERT INTO tb_addr_wrapper VALUES  ('c_ro_0_16_0_922',0,"");
INSERT INTO tb_config_zh_cn VALUES  ('c_ro_0_16_0_922','轴6速度百分比_当前速度速度百分比');
INSERT INTO tb_addr_wrapper VALUES  ('c_ro_16_16_0_922',0,"");
INSERT INTO tb_config_zh_cn VALUES  ('c_ro_16_16_0_922','轴6速度百分比_当前速度当前速度');
INSERT INTO tb_addr_wrapper VALUES  ('c_ro_0_16_0_923',0,"");
INSERT INTO tb_config_zh_cn VALUES  ('c_ro_0_16_0_923','轴6当前加速度_当前二次加速度当前加速度');
INSERT INTO tb_addr_wrapper VALUES  ('c_ro_16_16_0_923',0,"");
INSERT INTO tb_config_zh_cn VALUES  ('c_ro_16_16_0_923','轴6当前加速度_当前二次加速度当前二次加速度');
INSERT INTO tb_addr_wrapper VALUES  ('c_ro_0_32_0_924',0,"");
INSERT INTO tb_config_zh_cn VALUES  ('c_ro_0_32_0_924','轴7当前输出脉冲位置当前输出脉冲位置');
INSERT INTO tb_addr_wrapper VALUES  ('c_ro_0_32_0_925',0,"");
INSERT INTO tb_config_zh_cn VALUES  ('c_ro_0_32_0_925','轴7实际脉冲位置实际脉冲位置');
INSERT INTO tb_addr_wrapper VALUES  ('c_ro_0_16_0_926',0,"");
INSERT INTO tb_config_zh_cn VALUES  ('c_ro_0_16_0_926','轴7速度百分比_当前速度速度百分比');
INSERT INTO tb_addr_wrapper VALUES  ('c_ro_16_16_0_926',0,"");
INSERT INTO tb_config_zh_cn VALUES  ('c_ro_16_16_0_926','轴7速度百分比_当前速度当前速度');
INSERT INTO tb_addr_wrapper VALUES  ('c_ro_0_16_0_927',0,"");
INSERT INTO tb_config_zh_cn VALUES  ('c_ro_0_16_0_927','轴7当前加速度_当前二次加速度当前加速度');
INSERT INTO tb_addr_wrapper VALUES  ('c_ro_16_16_0_927',0,"");
INSERT INTO tb_config_zh_cn VALUES  ('c_ro_16_16_0_927','轴7当前加速度_当前二次加速度当前二次加速度');
INSERT INTO tb_addr_wrapper VALUES  ('c_ro_0_32_0_928',0,"");
INSERT INTO tb_config_zh_cn VALUES  ('c_ro_0_32_0_928','轴8当前输出脉冲位置当前输出脉冲位置');
INSERT INTO tb_addr_wrapper VALUES  ('c_ro_0_32_0_929',0,"");
INSERT INTO tb_config_zh_cn VALUES  ('c_ro_0_32_0_929','轴8实际脉冲位置实际脉冲位置');
INSERT INTO tb_addr_wrapper VALUES  ('c_ro_0_16_0_930',0,"");
INSERT INTO tb_config_zh_cn VALUES  ('c_ro_0_16_0_930','轴8速度百分比_当前速度速度百分比');
INSERT INTO tb_addr_wrapper VALUES  ('c_ro_16_16_0_930',0,"");
INSERT INTO tb_config_zh_cn VALUES  ('c_ro_16_16_0_930','轴8速度百分比_当前速度当前速度');
INSERT INTO tb_addr_wrapper VALUES  ('c_ro_0_16_0_931',0,"");
INSERT INTO tb_config_zh_cn VALUES  ('c_ro_0_16_0_931','轴8当前加速度_当前二次加速度当前加速度');
INSERT INTO tb_addr_wrapper VALUES  ('c_ro_16_16_0_931',0,"");
INSERT INTO tb_config_zh_cn VALUES  ('c_ro_16_16_0_931','轴8当前加速度_当前二次加速度当前二次加速度');
INSERT INTO basesysconfig VALUES  (101,0);
INSERT INTO basesysconfig VALUES  (102,0);
INSERT INTO basesysconfig VALUES  (103,0);
INSERT INTO basesysconfig VALUES  (104,0);
INSERT INTO basesysconfig VALUES  (105,0);
INSERT INTO basesysconfig VALUES  (106,0);
INSERT INTO basesysconfig VALUES  (107,0);
INSERT INTO basesysconfig VALUES  (108,0);
INSERT INTO basesysconfig VALUES  (109,0);
INSERT INTO basesysconfig VALUES  (110,0);
INSERT INTO basesysconfig VALUES  (111,0);
INSERT INTO basesysconfig VALUES  (112,0);
INSERT INTO basesysconfig VALUES  (113,0);
INSERT INTO basesysconfig VALUES  (114,0);
INSERT INTO basesysconfig VALUES  (115,0);
INSERT INTO basesysconfig VALUES  (116,0);
INSERT INTO basesysconfig VALUES  (117,0);
INSERT INTO basesysconfig VALUES  (118,0);
INSERT INTO basesysconfig VALUES  (119,0);
INSERT INTO basesysconfig VALUES  (120,0);
INSERT INTO basesysconfig VALUES  (121,0);
INSERT INTO basesysconfig VALUES  (122,0);
INSERT INTO basesysconfig VALUES  (123,0);
INSERT INTO basesysconfig VALUES  (124,0);
INSERT INTO basesysconfig VALUES  (125,0);
INSERT INTO basesysconfig VALUES  (126,0);
INSERT INTO basesysconfig VALUES  (127,0);
INSERT INTO basesysconfig VALUES  (128,0);
INSERT INTO basesysconfig VALUES  (129,0);
INSERT INTO basesysconfig VALUES  (130,0);
INSERT INTO basesysconfig VALUES  (131,0);
INSERT INTO basesysconfig VALUES  (132,0);
INSERT INTO basesysconfig VALUES  (133,0);
INSERT INTO basesysconfig VALUES  (134,0);
INSERT INTO basesysconfig VALUES  (135,0);
INSERT INTO basesysconfig VALUES  (136,0);
INSERT INTO basesysconfig VALUES  (137,0);
INSERT INTO basesysconfig VALUES  (138,0);
INSERT INTO basesysconfig VALUES  (139,0);
INSERT INTO basesysconfig VALUES  (140,0);
INSERT INTO basesysconfig VALUES  (141,0);
INSERT INTO basesysconfig VALUES  (142,0);
INSERT INTO basesysconfig VALUES  (143,0);
INSERT INTO basesysconfig VALUES  (144,0);
INSERT INTO basesysconfig VALUES  (145,0);
INSERT INTO basesysconfig VALUES  (146,0);
INSERT INTO basesysconfig VALUES  (147,0);
INSERT INTO basesysconfig VALUES  (148,0);
INSERT INTO basesysconfig VALUES  (149,0);
INSERT INTO basesysconfig VALUES  (150,0);
INSERT INTO basesysconfig VALUES  (151,0);
INSERT INTO basesysconfig VALUES  (152,0);
INSERT INTO basesysconfig VALUES  (153,0);
INSERT INTO basesysconfig VALUES  (154,0);
INSERT INTO basesysconfig VALUES  (155,0);
INSERT INTO basesysconfig VALUES  (156,0);
INSERT INTO basesysconfig VALUES  (157,0);
INSERT INTO basesysconfig VALUES  (158,0);
INSERT INTO basesysconfig VALUES  (159,0);
INSERT INTO basesysconfig VALUES  (160,0);
INSERT INTO basesysconfig VALUES  (161,0);
INSERT INTO basesysconfig VALUES  (162,0);
INSERT INTO basesysconfig VALUES  (163,0);
INSERT INTO basesysconfig VALUES  (164,0);
INSERT INTO basesysconfig VALUES  (165,0);
INSERT INTO basesysconfig VALUES  (166,0);
INSERT INTO basesysconfig VALUES  (167,0);
INSERT INTO basesysconfig VALUES  (168,0);
INSERT INTO basesysconfig VALUES  (169,0);
INSERT INTO basesysconfig VALUES  (170,0);
INSERT INTO basesysconfig VALUES  (171,0);
INSERT INTO basesysconfig VALUES  (172,0);
INSERT INTO basesysconfig VALUES  (173,0);
INSERT INTO basesysconfig VALUES  (174,0);
INSERT INTO basesysconfig VALUES  (175,0);
INSERT INTO basesysconfig VALUES  (176,0);
INSERT INTO basesysconfig VALUES  (177,0);
INSERT INTO basesysconfig VALUES  (178,0);
INSERT INTO basesysconfig VALUES  (179,0);
INSERT INTO basesysconfig VALUES  (180,0);
INSERT INTO basesysconfig VALUES  (181,0);
INSERT INTO basesysconfig VALUES  (182,0);
INSERT INTO basesysconfig VALUES  (183,0);
INSERT INTO basesysconfig VALUES  (184,0);
INSERT INTO basesysconfig VALUES  (185,0);
INSERT INTO basesysconfig VALUES  (186,0);
INSERT INTO basesysconfig VALUES  (187,0);
INSERT INTO basesysconfig VALUES  (188,0);
INSERT INTO basesysconfig VALUES  (189,0);
INSERT INTO basesysconfig VALUES  (190,0);
INSERT INTO basesysconfig VALUES  (191,0);
INSERT INTO basesysconfig VALUES  (192,0);
INSERT INTO basesysconfig VALUES  (193,0);
INSERT INTO basesysconfig VALUES  (194,0);
INSERT INTO basesysconfig VALUES  (195,0);
INSERT INTO basesysconfig VALUES  (196,0);
INSERT INTO basesysconfig VALUES  (197,0);
INSERT INTO basesysconfig VALUES  (198,0);
INSERT INTO basesysconfig VALUES  (199,0);
INSERT INTO basesysconfig VALUES  (200,0);
INSERT INTO basesysconfig VALUES  (201,0);
INSERT INTO basesysconfig VALUES  (202,0);
INSERT INTO basesysconfig VALUES  (203,0);
INSERT INTO basesysconfig VALUES  (204,0);
INSERT INTO basesysconfig VALUES  (205,0);
INSERT INTO basesysconfig VALUES  (206,0);
INSERT INTO basesysconfig VALUES  (207,0);
INSERT INTO basesysconfig VALUES  (208,0);
INSERT INTO basesysconfig VALUES  (209,0);
INSERT INTO basesysconfig VALUES  (210,0);
INSERT INTO basesysconfig VALUES  (211,0);
INSERT INTO basesysconfig VALUES  (212,0);
INSERT INTO basesysconfig VALUES  (213,0);
INSERT INTO basesysconfig VALUES  (214,0);
INSERT INTO basesysconfig VALUES  (215,0);
INSERT INTO basesysconfig VALUES  (216,0);
INSERT INTO basesysconfig VALUES  (217,0);
INSERT INTO basesysconfig VALUES  (218,0);
INSERT INTO basesysconfig VALUES  (219,0);
INSERT INTO basesysconfig VALUES  (220,0);
INSERT INTO basesysconfig VALUES  (221,0);
INSERT INTO basesysconfig VALUES  (222,0);
INSERT INTO basesysconfig VALUES  (223,0);
INSERT INTO basesysconfig VALUES  (224,0);
INSERT INTO basesysconfig VALUES  (225,0);
INSERT INTO basesysconfig VALUES  (226,0);
INSERT INTO basesysconfig VALUES  (227,0);
INSERT INTO basesysconfig VALUES  (228,0);
INSERT INTO basesysconfig VALUES  (229,0);
INSERT INTO basesysconfig VALUES  (230,0);
INSERT INTO basesysconfig VALUES  (231,0);
INSERT INTO basesysconfig VALUES  (232,0);
INSERT INTO basesysconfig VALUES  (233,0);
INSERT INTO basesysconfig VALUES  (234,0);
INSERT INTO basesysconfig VALUES  (235,0);
INSERT INTO basesysconfig VALUES  (236,0);
INSERT INTO basesysconfig VALUES  (237,0);
INSERT INTO basesysconfig VALUES  (238,0);
INSERT INTO basesysconfig VALUES  (239,0);
INSERT INTO basesysconfig VALUES  (240,0);
INSERT INTO basesysconfig VALUES  (241,0);
INSERT INTO basesysconfig VALUES  (242,0);
INSERT INTO basesysconfig VALUES  (243,0);
INSERT INTO basesysconfig VALUES  (244,0);
INSERT INTO basesysconfig VALUES  (245,0);
INSERT INTO basesysconfig VALUES  (246,0);
INSERT INTO basesysconfig VALUES  (247,0);
INSERT INTO basesysconfig VALUES  (248,0);
INSERT INTO basesysconfig VALUES  (249,0);
INSERT INTO basesysconfig VALUES  (250,0);
INSERT INTO basesysconfig VALUES  (251,0);
INSERT INTO basesysconfig VALUES  (252,0);
INSERT INTO basesysconfig VALUES  (253,0);
INSERT INTO basesysconfig VALUES  (254,0);
INSERT INTO basesysconfig VALUES  (255,0);
INSERT INTO basesysconfig VALUES  (256,0);
INSERT INTO basesysconfig VALUES  (257,0);
INSERT INTO basesysconfig VALUES  (258,0);
INSERT INTO basesysconfig VALUES  (259,0);
INSERT INTO basesysconfig VALUES  (260,0);
INSERT INTO basesysconfig VALUES  (261,0);
INSERT INTO basesysconfig VALUES  (262,0);
INSERT INTO basesysconfig VALUES  (263,0);
INSERT INTO basesysconfig VALUES  (264,0);
INSERT INTO basesysconfig VALUES  (265,0);
INSERT INTO basesysconfig VALUES  (266,0);
INSERT INTO basesysconfig VALUES  (267,0);
INSERT INTO basesysconfig VALUES  (268,0);
INSERT INTO basesysconfig VALUES  (269,0);
INSERT INTO basesysconfig VALUES  (270,0);
INSERT INTO basesysconfig VALUES  (271,0);
INSERT INTO basesysconfig VALUES  (272,0);
INSERT INTO basemoldconfig VALUES  (357,0);
INSERT INTO basemoldconfig VALUES  (358,0);
INSERT INTO basemoldconfig VALUES  (359,0);
INSERT INTO basemoldconfig VALUES  (360,0);
INSERT INTO basemoldconfig VALUES  (361,0);
INSERT INTO basemoldconfig VALUES  (362,0);
INSERT INTO basemoldconfig VALUES  (363,0);
INSERT INTO basemoldconfig VALUES  (364,0);
INSERT INTO basemoldconfig VALUES  (365,0);
INSERT INTO basemoldconfig VALUES  (366,0);
INSERT INTO basemoldconfig VALUES  (367,0);
INSERT INTO basemoldconfig VALUES  (368,0);
INSERT INTO basemoldconfig VALUES  (369,0);
INSERT INTO basemoldconfig VALUES  (370,0);
INSERT INTO basemoldconfig VALUES  (371,0);
INSERT INTO basemoldconfig VALUES  (372,0);
INSERT INTO basemoldconfig VALUES  (373,0);
INSERT INTO basemoldconfig VALUES  (374,0);
INSERT INTO basemoldconfig VALUES  (375,0);
INSERT INTO basemoldconfig VALUES  (376,0);
INSERT INTO basemoldconfig VALUES  (377,0);
INSERT INTO basemoldconfig VALUES  (378,0);
INSERT INTO basemoldconfig VALUES  (379,0);
INSERT INTO basemoldconfig VALUES  (380,0);
INSERT INTO basemoldconfig VALUES  (381,0);
INSERT INTO basemoldconfig VALUES  (382,0);
INSERT INTO basemoldconfig VALUES  (383,0);
INSERT INTO basemoldconfig VALUES  (384,0);
INSERT INTO basemoldconfig VALUES  (385,0);
INSERT INTO basemoldconfig VALUES  (386,0);
INSERT INTO basemoldconfig VALUES  (387,0);
INSERT INTO basemoldconfig VALUES  (388,0);
INSERT INTO basemoldconfig VALUES  (389,0);
INSERT INTO basemoldconfig VALUES  (390,0);
INSERT INTO basemoldconfig VALUES  (391,0);
INSERT INTO basemoldconfig VALUES  (392,0);
INSERT INTO basemoldconfig VALUES  (393,0);
INSERT INTO basemoldconfig VALUES  (394,0);
INSERT INTO basemoldconfig VALUES  (395,0);
INSERT INTO basemoldconfig VALUES  (396,0);
INSERT INTO basemoldconfig VALUES  (397,0);
INSERT INTO basemoldconfig VALUES  (398,0);
INSERT INTO basemoldconfig VALUES  (399,0);
INSERT INTO basemoldconfig VALUES  (400,0);
INSERT INTO basemoldconfig VALUES  (401,0);
INSERT INTO basemoldconfig VALUES  (402,0);
INSERT INTO basemoldconfig VALUES  (403,0);
INSERT INTO basemoldconfig VALUES  (404,0);
INSERT INTO basemoldconfig VALUES  (405,0);
INSERT INTO basemoldconfig VALUES  (406,0);
INSERT INTO basemoldconfig VALUES  (407,0);
INSERT INTO basemoldconfig VALUES  (408,0);
INSERT INTO basemoldconfig VALUES  (409,0);
INSERT INTO basemoldconfig VALUES  (410,0);
INSERT INTO basemoldconfig VALUES  (411,0);
INSERT INTO basemoldconfig VALUES  (412,0);
INSERT INTO basemoldconfig VALUES  (413,0);
INSERT INTO basemoldconfig VALUES  (414,0);
INSERT INTO basemoldconfig VALUES  (415,0);
INSERT INTO basemoldconfig VALUES  (416,0);
INSERT INTO basemoldconfig VALUES  (417,0);
INSERT INTO basemoldconfig VALUES  (418,0);
INSERT INTO basemoldconfig VALUES  (419,0);
INSERT INTO basemoldconfig VALUES  (420,0);
INSERT INTO basemoldconfig VALUES  (421,0);
INSERT INTO basemoldconfig VALUES  (422,0);
INSERT INTO basemoldconfig VALUES  (423,0);
INSERT INTO basemoldconfig VALUES  (424,0);
INSERT INTO basemoldconfig VALUES  (425,0);
INSERT INTO basemoldconfig VALUES  (426,0);

        
DROP TABLE tb_default_moldconfig;
DROP TABLE tb_default_systemconfig;
CREATE TABLE tb_default_moldconfig AS SELECT * FROM basemoldconfig;
CREATE TABLE tb_default_systemconfig AS SELECT * FROM basesysconfig;
COMMIT;